timestamp,device,worker_instance,duration_ms,packet_id,layer_idx,operation,success,memory_used_mb,error_message
1763318069.8678334,cpu,cpu_embedding,1.056,1,-1,embedding,True,10.00,
1763318069.8681767,igpu,igpu_attention_layer_0,0.057,2,0,attention_layernorm,True,20.00,
1763318069.8683543,igpu,igpu_attention_layer_0,0.003,3,0,attention_qkv_proj,True,20.00,
1763318069.868473,igpu,cpu_router,0.002,4,0,router_logits,True,20.00,
1763318069.8696337,cpu,cpu_router,1.054,5,0,expert_selection,True,10.00,
1763318069.8697608,igpu,igpu_expert_ffn_layer_0,0.006,6,0,expert_ffn,True,20.00,
1763318069.8699174,igpu,igpu_attention_layer_1,0.003,7,1,attention_layernorm,True,20.00,
1763318069.8700557,igpu,igpu_attention_layer_1,0.001,8,1,attention_qkv_proj,True,20.00,
1763318069.8701773,igpu,cpu_router,0.001,9,1,router_logits,True,20.00,
1763318069.8713534,cpu,cpu_router,1.055,10,1,expert_selection,True,10.00,
1763318069.8714786,igpu,igpu_expert_ffn_layer_1,0.005,11,1,expert_ffn,True,20.00,
1763318069.8716018,igpu,igpu_attention_layer_2,0.001,12,2,attention_layernorm,True,20.00,
1763318069.8717144,igpu,igpu_attention_layer_2,0.001,13,2,attention_qkv_proj,True,20.00,
1763318069.8718112,igpu,cpu_router,0.001,14,2,router_logits,True,20.00,
1763318069.8730052,cpu,cpu_router,1.054,15,2,expert_selection,True,10.00,
1763318069.8731537,igpu,igpu_expert_ffn_layer_2,0.001,16,2,expert_ffn,True,20.00,
1763318069.8732762,igpu,igpu_attention_layer_3,0.001,17,3,attention_layernorm,True,20.00,
1763318069.8733912,igpu,igpu_attention_layer_3,0.001,18,3,attention_qkv_proj,True,20.00,
1763318069.873528,igpu,cpu_router,0.001,19,3,router_logits,True,20.00,
1763318069.8747253,cpu,cpu_router,1.053,20,3,expert_selection,True,10.00,
1763318069.8748658,igpu,igpu_expert_ffn_layer_3,0.001,21,3,expert_ffn,True,20.00,
1763318069.8750086,igpu,igpu_attention_layer_4,0.001,22,4,attention_layernorm,True,20.00,
1763318069.8751812,igpu,igpu_attention_layer_4,0.002,23,4,attention_qkv_proj,True,20.00,
1763318069.8753216,igpu,cpu_router,0.004,24,4,router_logits,True,20.00,
1763318069.8765223,cpu,cpu_router,1.054,25,4,expert_selection,True,10.00,
1763318069.8766596,igpu,igpu_expert_ffn_layer_4,0.004,26,4,expert_ffn,True,20.00,
1763318069.8767831,igpu,igpu_attention_layer_5,0.001,27,5,attention_layernorm,True,20.00,
1763318069.8768978,igpu,igpu_attention_layer_5,0.001,28,5,attention_qkv_proj,True,20.00,
1763318069.876995,igpu,cpu_router,0.001,29,5,router_logits,True,20.00,
1763318069.8781757,cpu,cpu_router,1.053,30,5,expert_selection,True,10.00,
1763318069.878298,igpu,igpu_expert_ffn_layer_5,0.001,31,5,expert_ffn,True,20.00,
1763318069.8784058,igpu,igpu_attention_layer_6,0.001,32,6,attention_layernorm,True,20.00,
1763318069.8785105,igpu,igpu_attention_layer_6,0.001,33,6,attention_qkv_proj,True,20.00,
1763318069.8786325,igpu,cpu_router,0.001,34,6,router_logits,True,20.00,
1763318069.8798182,cpu,cpu_router,1.054,35,6,expert_selection,True,10.00,
1763318069.879951,igpu,igpu_expert_ffn_layer_6,0.002,36,6,expert_ffn,True,20.00,
1763318069.8800967,igpu,igpu_attention_layer_7,0.001,37,7,attention_layernorm,True,20.00,
1763318069.8802817,igpu,igpu_attention_layer_7,0.011,38,7,attention_qkv_proj,True,20.00,
1763318069.880403,igpu,cpu_router,0.005,39,7,router_logits,True,20.00,
1763318069.881588,cpu,cpu_router,1.055,40,7,expert_selection,True,10.00,
1763318069.8817227,igpu,igpu_expert_ffn_layer_7,0.005,41,7,expert_ffn,True,20.00,
1763318069.8818495,igpu,igpu_attention_layer_8,0.001,42,8,attention_layernorm,True,20.00,
1763318069.8819702,igpu,igpu_attention_layer_8,0.002,43,8,attention_qkv_proj,True,20.00,
1763318069.8820915,igpu,cpu_router,0.002,44,8,router_logits,True,20.00,
1763318069.8833034,cpu,cpu_router,1.058,45,8,expert_selection,True,10.00,
1763318069.883452,igpu,igpu_expert_ffn_layer_8,0.013,46,8,expert_ffn,True,20.00,
1763318069.883586,igpu,igpu_attention_layer_9,0.002,47,9,attention_layernorm,True,20.00,
1763318069.8836982,igpu,igpu_attention_layer_9,0.001,48,9,attention_qkv_proj,True,20.00,
1763318069.883822,igpu,cpu_router,0.001,49,9,router_logits,True,20.00,
1763318069.8851428,cpu,cpu_router,1.054,50,9,expert_selection,True,10.00,
1763318069.8853102,igpu,igpu_expert_ffn_layer_9,0.004,51,9,expert_ffn,True,20.00,
1763318069.885467,igpu,igpu_attention_layer_10,0.002,52,10,attention_layernorm,True,20.00,
1763318069.885593,igpu,igpu_attention_layer_10,0.002,53,10,attention_qkv_proj,True,20.00,
1763318069.8856902,igpu,cpu_router,0.001,54,10,router_logits,True,20.00,
1763318069.886865,cpu,cpu_router,1.055,55,10,expert_selection,True,10.00,
1763318069.8869894,igpu,igpu_expert_ffn_layer_10,0.007,56,10,expert_ffn,True,20.00,
1763318069.8871222,igpu,igpu_attention_layer_11,0.002,57,11,attention_layernorm,True,20.00,
1763318069.8872318,igpu,igpu_attention_layer_11,0.001,58,11,attention_qkv_proj,True,20.00,
1763318069.8873236,igpu,cpu_router,0.001,59,11,router_logits,True,20.00,
1763318069.888475,cpu,cpu_router,1.053,60,11,expert_selection,True,10.00,
1763318069.8885753,igpu,igpu_expert_ffn_layer_11,0.002,61,11,expert_ffn,True,20.00,
1763318069.888678,igpu,igpu_attention_layer_12,0.001,62,12,attention_layernorm,True,20.00,
1763318069.8887742,igpu,igpu_attention_layer_12,0.001,63,12,attention_qkv_proj,True,20.00,
1763318069.888861,igpu,cpu_router,0.001,64,12,router_logits,True,20.00,
1763318069.8900378,cpu,cpu_router,1.055,65,12,expert_selection,True,10.00,
1763318069.8901725,igpu,igpu_expert_ffn_layer_12,0.007,66,12,expert_ffn,True,20.00,
1763318069.8903046,igpu,igpu_attention_layer_13,0.002,67,13,attention_layernorm,True,20.00,
1763318069.8904247,igpu,igpu_attention_layer_13,0.002,68,13,attention_qkv_proj,True,20.00,
1763318069.8905194,igpu,cpu_router,0.001,69,13,router_logits,True,20.00,
1763318069.8916893,cpu,cpu_router,1.055,70,13,expert_selection,True,10.00,
1763318069.8918002,igpu,igpu_expert_ffn_layer_13,0.008,71,13,expert_ffn,True,20.00,
1763318069.8919191,igpu,igpu_attention_layer_14,0.004,72,14,attention_layernorm,True,20.00,
1763318069.8920922,igpu,igpu_attention_layer_14,0.015,73,14,attention_qkv_proj,True,20.00,
1763318069.8922522,igpu,cpu_router,0.009,74,14,router_logits,True,20.00,
1763318069.8934407,cpu,cpu_router,1.057,75,14,expert_selection,True,10.00,
1763318069.8935604,igpu,igpu_expert_ffn_layer_14,0.006,76,14,expert_ffn,True,20.00,
1763318069.8936791,igpu,igpu_attention_layer_15,0.003,77,15,attention_layernorm,True,20.00,
1763318069.8937902,igpu,igpu_attention_layer_15,0.003,78,15,attention_qkv_proj,True,20.00,
1763318069.8938882,igpu,cpu_router,0.003,79,15,router_logits,True,20.00,
1763318069.8950548,cpu,cpu_router,1.056,80,15,expert_selection,True,10.00,
1763318069.8951702,igpu,igpu_expert_ffn_layer_15,0.004,81,15,expert_ffn,True,20.00,
1763318069.8953385,igpu,igpu_attention_layer_16,0.003,82,16,attention_layernorm,True,20.00,
1763318069.8954635,igpu,igpu_attention_layer_16,0.003,83,16,attention_qkv_proj,True,20.00,
1763318069.8955657,igpu,cpu_router,0.003,84,16,router_logits,True,20.00,
1763318069.8967395,cpu,cpu_router,1.055,85,16,expert_selection,True,10.00,
1763318069.8968527,igpu,igpu_expert_ffn_layer_16,0.004,86,16,expert_ffn,True,20.00,
1763318069.8969731,igpu,igpu_attention_layer_17,0.003,87,17,attention_layernorm,True,20.00,
1763318069.8970928,igpu,igpu_attention_layer_17,0.003,88,17,attention_qkv_proj,True,20.00,
1763318069.8971992,igpu,cpu_router,0.003,89,17,router_logits,True,20.00,
1763318069.8983898,cpu,cpu_router,1.061,90,17,expert_selection,True,10.00,
1763318069.898535,igpu,igpu_expert_ffn_layer_17,0.015,91,17,expert_ffn,True,20.00,
1763318069.898661,igpu,igpu_attention_layer_18,0.003,92,18,attention_layernorm,True,20.00,
1763318069.89879,igpu,igpu_attention_layer_18,0.003,93,18,attention_qkv_proj,True,20.00,
1763318069.89889,igpu,cpu_router,0.003,94,18,router_logits,True,20.00,
1763318069.900058,cpu,cpu_router,1.056,95,18,expert_selection,True,10.00,
1763318069.9001849,igpu,igpu_expert_ffn_layer_18,0.003,96,18,expert_ffn,True,20.00,
1763318069.9003234,igpu,igpu_attention_layer_19,0.003,97,19,attention_layernorm,True,20.00,
1763318069.9004478,igpu,igpu_attention_layer_19,0.003,98,19,attention_qkv_proj,True,20.00,
1763318069.9005654,igpu,cpu_router,0.003,99,19,router_logits,True,20.00,
1763318069.9017477,cpu,cpu_router,1.056,100,19,expert_selection,True,10.00,
1763318069.9018595,igpu,igpu_expert_ffn_layer_19,0.005,101,19,expert_ffn,True,20.00,
1763318069.9019713,igpu,igpu_attention_layer_20,0.003,102,20,attention_layernorm,True,20.00,
1763318069.902084,igpu,igpu_attention_layer_20,0.003,103,20,attention_qkv_proj,True,20.00,
1763318069.9021852,igpu,cpu_router,0.003,104,20,router_logits,True,20.00,
1763318069.9033515,cpu,cpu_router,1.057,105,20,expert_selection,True,10.00,
1763318069.90347,igpu,igpu_expert_ffn_layer_20,0.009,106,20,expert_ffn,True,20.00,
1763318069.9035861,igpu,igpu_attention_layer_21,0.005,107,21,attention_layernorm,True,20.00,
1763318069.903701,igpu,igpu_attention_layer_21,0.003,108,21,attention_qkv_proj,True,20.00,
1763318069.9038453,igpu,cpu_router,0.010,109,21,router_logits,True,20.00,
1763318069.9050276,cpu,cpu_router,1.058,110,21,expert_selection,True,10.00,
1763318069.9051588,igpu,igpu_expert_ffn_layer_21,0.009,111,21,expert_ffn,True,20.00,
1763318069.9052856,igpu,igpu_attention_layer_22,0.003,112,22,attention_layernorm,True,20.00,
1763318069.9054239,igpu,igpu_attention_layer_22,0.003,113,22,attention_qkv_proj,True,20.00,
1763318069.9055297,igpu,cpu_router,0.003,114,22,router_logits,True,20.00,
1763318069.906709,cpu,cpu_router,1.060,115,22,expert_selection,True,10.00,
1763318069.906831,igpu,igpu_expert_ffn_layer_22,0.009,116,22,expert_ffn,True,20.00,
1763318069.9069493,igpu,igpu_attention_layer_23,0.003,117,23,attention_layernorm,True,20.00,
1763318069.9070659,igpu,igpu_attention_layer_23,0.007,118,23,attention_qkv_proj,True,20.00,
1763318069.9071722,igpu,cpu_router,0.003,119,23,router_logits,True,20.00,
1763318069.9083362,cpu,cpu_router,1.055,120,23,expert_selection,True,10.00,
1763318069.908456,igpu,igpu_expert_ffn_layer_23,0.004,121,23,expert_ffn,True,20.00,
1763318069.908572,igpu,igpu_attention_layer_24,0.003,122,24,attention_layernorm,True,20.00,
1763318069.908679,igpu,igpu_attention_layer_24,0.003,123,24,attention_qkv_proj,True,20.00,
1763318069.908776,igpu,cpu_router,0.002,124,24,router_logits,True,20.00,
1763318069.9099464,cpu,cpu_router,1.057,125,24,expert_selection,True,10.00,
1763318069.910086,igpu,igpu_expert_ffn_layer_24,0.008,126,24,expert_ffn,True,20.00,
1763318069.910231,igpu,igpu_attention_layer_25,0.005,127,25,attention_layernorm,True,20.00,
1763318069.910348,igpu,igpu_attention_layer_25,0.004,128,25,attention_qkv_proj,True,20.00,
1763318069.910447,igpu,cpu_router,0.003,129,25,router_logits,True,20.00,
1763318069.9116256,cpu,cpu_router,1.056,130,25,expert_selection,True,10.00,
1763318069.9117389,igpu,igpu_expert_ffn_layer_25,0.008,131,25,expert_ffn,True,20.00,
1763318069.911852,igpu,igpu_attention_layer_26,0.003,132,26,attention_layernorm,True,20.00,
1763318069.9120674,igpu,igpu_attention_layer_26,0.009,133,26,attention_qkv_proj,True,20.00,
1763318069.9122033,igpu,cpu_router,0.004,134,26,router_logits,True,20.00,
1763318069.9133773,cpu,cpu_router,1.054,135,26,expert_selection,True,10.00,
1763318069.9135256,igpu,igpu_expert_ffn_layer_26,0.006,136,26,expert_ffn,True,20.00,
1763318069.9136686,igpu,igpu_attention_layer_27,0.002,137,27,attention_layernorm,True,20.00,
1763318069.913781,igpu,igpu_attention_layer_27,0.001,138,27,attention_qkv_proj,True,20.00,
1763318069.9138753,igpu,cpu_router,0.002,139,27,router_logits,True,20.00,
1763318069.9150288,cpu,cpu_router,1.054,140,27,expert_selection,True,10.00,
1763318069.915167,igpu,igpu_expert_ffn_layer_27,0.009,141,27,expert_ffn,True,20.00,
1763318069.915326,igpu,igpu_attention_layer_28,0.005,142,28,attention_layernorm,True,20.00,
1763318069.9154642,igpu,igpu_attention_layer_28,0.004,143,28,attention_qkv_proj,True,20.00,
1763318069.9155705,igpu,cpu_router,0.003,144,28,router_logits,True,20.00,
1763318069.9167418,cpu,cpu_router,1.056,145,28,expert_selection,True,10.00,
1763318069.9168937,igpu,igpu_expert_ffn_layer_28,0.011,146,28,expert_ffn,True,20.00,
1763318069.9170065,igpu,igpu_attention_layer_29,0.002,147,29,attention_layernorm,True,20.00,
1763318069.9171362,igpu,igpu_attention_layer_29,0.003,148,29,attention_qkv_proj,True,20.00,
1763318069.9172432,igpu,cpu_router,0.003,149,29,router_logits,True,20.00,
1763318069.9184017,cpu,cpu_router,1.054,150,29,expert_selection,True,10.00,
1763318069.918505,igpu,igpu_expert_ffn_layer_29,0.004,151,29,expert_ffn,True,20.00,
1763318069.9186127,igpu,igpu_attention_layer_30,0.002,152,30,attention_layernorm,True,20.00,
1763318069.9187174,igpu,igpu_attention_layer_30,0.002,153,30,attention_qkv_proj,True,20.00,
1763318069.9188106,igpu,cpu_router,0.002,154,30,router_logits,True,20.00,
1763318069.9200008,cpu,cpu_router,1.058,155,30,expert_selection,True,10.00,
1763318069.920144,igpu,igpu_expert_ffn_layer_30,0.010,156,30,expert_ffn,True,20.00,
1763318069.9202943,igpu,igpu_attention_layer_31,0.004,157,31,attention_layernorm,True,20.00,
1763318069.9204154,igpu,igpu_attention_layer_31,0.003,158,31,attention_qkv_proj,True,20.00,
1763318069.920511,igpu,cpu_router,0.002,159,31,router_logits,True,20.00,
1763318069.9216719,cpu,cpu_router,1.054,160,31,expert_selection,True,10.00,
1763318069.9217763,igpu,igpu_expert_ffn_layer_31,0.003,161,31,expert_ffn,True,20.00,
1763318069.922993,cpu,cpu_layernorm_layer_32,1.054,162,32,final_layernorm,True,10.00,
1763318069.9242022,cpu,cpu_lm_head,1.053,163,33,lm_head,True,10.00,
1763318073.6671479,cpu,cpu_embedding,1.056,164,-1,embedding,True,10.00,
1763318073.6691086,igpu,igpu_attention_layer_0,0.036,165,0,attention_layernorm,True,20.00,
1763318073.6694193,igpu,igpu_attention_layer_0,0.003,166,0,attention_qkv_proj,True,20.00,
1763318073.669616,igpu,cpu_router,0.002,167,0,router_logits,True,20.00,
1763318073.6708407,cpu,cpu_router,1.054,168,0,expert_selection,True,10.00,
1763318073.6710477,igpu,igpu_expert_ffn_layer_0,0.002,169,0,expert_ffn,True,20.00,
1763318073.6713214,igpu,igpu_attention_layer_1,0.002,170,1,attention_layernorm,True,20.00,
1763318073.6715367,igpu,igpu_attention_layer_1,0.001,171,1,attention_qkv_proj,True,20.00,
1763318073.6716888,igpu,cpu_router,0.001,172,1,router_logits,True,20.00,
1763318073.6728992,cpu,cpu_router,1.057,173,1,expert_selection,True,10.00,
1763318073.6730683,igpu,igpu_expert_ffn_layer_1,0.006,174,1,expert_ffn,True,20.00,
1763318073.6732478,igpu,igpu_attention_layer_2,0.002,175,2,attention_layernorm,True,20.00,
1763318073.6734073,igpu,igpu_attention_layer_2,0.001,176,2,attention_qkv_proj,True,20.00,
1763318073.673543,igpu,cpu_router,0.001,177,2,router_logits,True,20.00,
1763318073.6747377,cpu,cpu_router,1.054,178,2,expert_selection,True,10.00,
1763318073.6748781,igpu,igpu_expert_ffn_layer_2,0.001,179,2,expert_ffn,True,20.00,
1763318073.6750393,igpu,igpu_attention_layer_3,0.001,180,3,attention_layernorm,True,20.00,
1763318073.6752038,igpu,igpu_attention_layer_3,0.001,181,3,attention_qkv_proj,True,20.00,
1763318073.6753347,igpu,cpu_router,0.001,182,3,router_logits,True,20.00,
1763318073.676516,cpu,cpu_router,1.053,183,3,expert_selection,True,10.00,
1763318073.676657,igpu,igpu_expert_ffn_layer_3,0.002,184,3,expert_ffn,True,20.00,
1763318073.6769233,igpu,igpu_attention_layer_4,0.002,185,4,attention_layernorm,True,20.00,
1763318073.6773612,igpu,igpu_attention_layer_4,0.001,186,4,attention_qkv_proj,True,20.00,
1763318073.6777987,igpu,cpu_router,0.014,187,4,router_logits,True,20.00,
1763318073.6792114,cpu,cpu_router,1.058,188,4,expert_selection,True,10.00,
1763318073.679438,igpu,igpu_expert_ffn_layer_4,0.013,189,4,expert_ffn,True,20.00,
1763318073.679646,igpu,igpu_attention_layer_5,0.005,190,5,attention_layernorm,True,20.00,
1763318073.6798286,igpu,igpu_attention_layer_5,0.005,191,5,attention_qkv_proj,True,20.00,
1763318073.6799803,igpu,cpu_router,0.004,192,5,router_logits,True,20.00,
1763318073.6811924,cpu,cpu_router,1.056,193,5,expert_selection,True,10.00,
1763318073.6813517,igpu,igpu_expert_ffn_layer_5,0.006,194,5,expert_ffn,True,20.00,
1763318073.6815217,igpu,igpu_attention_layer_6,0.004,195,6,attention_layernorm,True,20.00,
1763318073.6817167,igpu,igpu_attention_layer_6,0.005,196,6,attention_qkv_proj,True,20.00,
1763318073.6819057,igpu,cpu_router,0.005,197,6,router_logits,True,20.00,
1763318073.6831455,cpu,cpu_router,1.056,198,6,expert_selection,True,10.00,
1763318073.6833034,igpu,igpu_expert_ffn_layer_6,0.005,199,6,expert_ffn,True,20.00,
1763318073.683476,igpu,igpu_attention_layer_7,0.004,200,7,attention_layernorm,True,20.00,
1763318073.6836429,igpu,igpu_attention_layer_7,0.004,201,7,attention_qkv_proj,True,20.00,
1763318073.6837888,igpu,cpu_router,0.004,202,7,router_logits,True,20.00,
1763318073.685017,cpu,cpu_router,1.057,203,7,expert_selection,True,10.00,
1763318073.685208,igpu,igpu_expert_ffn_layer_7,0.008,204,7,expert_ffn,True,20.00,
1763318073.6854012,igpu,igpu_attention_layer_8,0.005,205,8,attention_layernorm,True,20.00,
1763318073.6855767,igpu,igpu_attention_layer_8,0.004,206,8,attention_qkv_proj,True,20.00,
1763318073.6857212,igpu,cpu_router,0.004,207,8,router_logits,True,20.00,
1763318073.6869152,cpu,cpu_router,1.055,208,8,expert_selection,True,10.00,
1763318073.6870878,igpu,igpu_expert_ffn_layer_8,0.005,209,8,expert_ffn,True,20.00,
1763318073.6872685,igpu,igpu_attention_layer_9,0.005,210,9,attention_layernorm,True,20.00,
1763318073.6874344,igpu,igpu_attention_layer_9,0.004,211,9,attention_qkv_proj,True,20.00,
1763318073.687577,igpu,cpu_router,0.004,212,9,router_logits,True,20.00,
1763318073.6887841,cpu,cpu_router,1.055,213,9,expert_selection,True,10.00,
1763318073.688944,igpu,igpu_expert_ffn_layer_9,0.005,214,9,expert_ffn,True,20.00,
1763318073.6891217,igpu,igpu_attention_layer_10,0.005,215,10,attention_layernorm,True,20.00,
1763318073.6893115,igpu,igpu_attention_layer_10,0.005,216,10,attention_qkv_proj,True,20.00,
1763318073.6894643,igpu,cpu_router,0.004,217,10,router_logits,True,20.00,
1763318073.690706,cpu,cpu_router,1.061,218,10,expert_selection,True,10.00,
1763318073.6909096,igpu,igpu_expert_ffn_layer_10,0.010,219,10,expert_ffn,True,20.00,
1763318073.6911504,igpu,igpu_attention_layer_11,0.007,220,11,attention_layernorm,True,20.00,
1763318073.6913795,igpu,igpu_attention_layer_11,0.006,221,11,attention_qkv_proj,True,20.00,
1763318073.6915603,igpu,cpu_router,0.005,222,11,router_logits,True,20.00,
1763318073.6928072,cpu,cpu_router,1.057,223,11,expert_selection,True,10.00,
1763318073.693022,igpu,igpu_expert_ffn_layer_11,0.006,224,11,expert_ffn,True,20.00,
1763318073.6932282,igpu,igpu_attention_layer_12,0.003,225,12,attention_layernorm,True,20.00,
1763318073.6933885,igpu,igpu_attention_layer_12,0.003,226,12,attention_qkv_proj,True,20.00,
1763318073.6935263,igpu,cpu_router,0.003,227,12,router_logits,True,20.00,
1763318073.6947122,cpu,cpu_router,1.055,228,12,expert_selection,True,10.00,
1763318073.6948543,igpu,igpu_expert_ffn_layer_12,0.004,229,12,expert_ffn,True,20.00,
1763318073.6950152,igpu,igpu_attention_layer_13,0.003,230,13,attention_layernorm,True,20.00,
1763318073.695172,igpu,igpu_attention_layer_13,0.003,231,13,attention_qkv_proj,True,20.00,
1763318073.6952977,igpu,cpu_router,0.003,232,13,router_logits,True,20.00,
1763318073.6964874,cpu,cpu_router,1.058,233,13,expert_selection,True,10.00,
1763318073.6966236,igpu,igpu_expert_ffn_layer_13,0.007,234,13,expert_ffn,True,20.00,
1763318073.696774,igpu,igpu_attention_layer_14,0.005,235,14,attention_layernorm,True,20.00,
1763318073.6969078,igpu,igpu_attention_layer_14,0.003,236,14,attention_qkv_proj,True,20.00,
1763318073.6970224,igpu,cpu_router,0.003,237,14,router_logits,True,20.00,
1763318073.6982384,cpu,cpu_router,1.056,238,14,expert_selection,True,10.00,
1763318073.6984258,igpu,igpu_expert_ffn_layer_14,0.006,239,14,expert_ffn,True,20.00,
1763318073.6986113,igpu,igpu_attention_layer_15,0.004,240,15,attention_layernorm,True,20.00,
1763318073.6987565,igpu,igpu_attention_layer_15,0.003,241,15,attention_qkv_proj,True,20.00,
1763318073.6988714,igpu,cpu_router,0.003,242,15,router_logits,True,20.00,
1763318073.7000463,cpu,cpu_router,1.055,243,15,expert_selection,True,10.00,
1763318073.7001755,igpu,igpu_expert_ffn_layer_15,0.003,244,15,expert_ffn,True,20.00,
1763318073.7003264,igpu,igpu_attention_layer_16,0.003,245,16,attention_layernorm,True,20.00,
1763318073.7004678,igpu,igpu_attention_layer_16,0.003,246,16,attention_qkv_proj,True,20.00,
1763318073.700583,igpu,cpu_router,0.003,247,16,router_logits,True,20.00,
1763318073.7017531,cpu,cpu_router,1.055,248,16,expert_selection,True,10.00,
1763318073.7018774,igpu,igpu_expert_ffn_layer_16,0.003,249,16,expert_ffn,True,20.00,
1763318073.7020135,igpu,igpu_attention_layer_17,0.003,250,17,attention_layernorm,True,20.00,
1763318073.702156,igpu,igpu_attention_layer_17,0.003,251,17,attention_qkv_proj,True,20.00,
1763318073.7022874,igpu,cpu_router,0.003,252,17,router_logits,True,20.00,
1763318073.703529,cpu,cpu_router,1.058,253,17,expert_selection,True,10.00,
1763318073.7036953,igpu,igpu_expert_ffn_layer_17,0.012,254,17,expert_ffn,True,20.00,
1763318073.7038786,igpu,igpu_attention_layer_18,0.008,255,18,attention_layernorm,True,20.00,
1763318073.7040222,igpu,igpu_attention_layer_18,0.004,256,18,attention_qkv_proj,True,20.00,
1763318073.7041707,igpu,cpu_router,0.005,257,18,router_logits,True,20.00,
1763318073.7053466,cpu,cpu_router,1.056,258,18,expert_selection,True,10.00,
1763318073.705474,igpu,igpu_expert_ffn_layer_18,0.004,259,18,expert_ffn,True,20.00,
1763318073.7056088,igpu,igpu_attention_layer_19,0.004,260,19,attention_layernorm,True,20.00,
1763318073.7057378,igpu,igpu_attention_layer_19,0.004,261,19,attention_qkv_proj,True,20.00,
1763318073.7058506,igpu,cpu_router,0.003,262,19,router_logits,True,20.00,
1763318073.7070174,cpu,cpu_router,1.055,263,19,expert_selection,True,10.00,
1763318073.7071464,igpu,igpu_expert_ffn_layer_19,0.004,264,19,expert_ffn,True,20.00,
1763318073.7072792,igpu,igpu_attention_layer_20,0.004,265,20,attention_layernorm,True,20.00,
1763318073.7074103,igpu,igpu_attention_layer_20,0.003,266,20,attention_qkv_proj,True,20.00,
1763318073.7075257,igpu,cpu_router,0.003,267,20,router_logits,True,20.00,
1763318073.7087123,cpu,cpu_router,1.056,268,20,expert_selection,True,10.00,
1763318073.7089107,igpu,igpu_expert_ffn_layer_20,0.009,269,20,expert_ffn,True,20.00,
1763318073.7090802,igpu,igpu_attention_layer_21,0.003,270,21,attention_layernorm,True,20.00,
1763318073.709222,igpu,igpu_attention_layer_21,0.002,271,21,attention_qkv_proj,True,20.00,
1763318073.7093391,igpu,cpu_router,0.002,272,21,router_logits,True,20.00,
1763318073.7105193,cpu,cpu_router,1.054,273,21,expert_selection,True,10.00,
1763318073.7106526,igpu,igpu_expert_ffn_layer_21,0.002,274,21,expert_ffn,True,20.00,
1763318073.710795,igpu,igpu_attention_layer_22,0.002,275,22,attention_layernorm,True,20.00,
1763318073.71093,igpu,igpu_attention_layer_22,0.002,276,22,attention_qkv_proj,True,20.00,
1763318073.7110445,igpu,cpu_router,0.002,277,22,router_logits,True,20.00,
1763318073.7122054,cpu,cpu_router,1.054,278,22,expert_selection,True,10.00,
1763318073.712325,igpu,igpu_expert_ffn_layer_22,0.002,279,22,expert_ffn,True,20.00,
1763318073.7124634,igpu,igpu_attention_layer_23,0.002,280,23,attention_layernorm,True,20.00,
1763318073.7125883,igpu,igpu_attention_layer_23,0.002,281,23,attention_qkv_proj,True,20.00,
1763318073.7126985,igpu,cpu_router,0.002,282,23,router_logits,True,20.00,
1763318073.71388,cpu,cpu_router,1.054,283,23,expert_selection,True,10.00,
1763318073.7140343,igpu,igpu_expert_ffn_layer_23,0.008,284,23,expert_ffn,True,20.00,
1763318073.7141888,igpu,igpu_attention_layer_24,0.003,285,24,attention_layernorm,True,20.00,
1763318073.7143555,igpu,igpu_attention_layer_24,0.006,286,24,attention_qkv_proj,True,20.00,
1763318073.7144787,igpu,cpu_router,0.002,287,24,router_logits,True,20.00,
1763318073.7156599,cpu,cpu_router,1.054,288,24,expert_selection,True,10.00,
1763318073.715821,igpu,igpu_expert_ffn_layer_24,0.005,289,24,expert_ffn,True,20.00,
1763318073.7160523,igpu,igpu_attention_layer_25,0.004,290,25,attention_layernorm,True,20.00,
1763318073.716289,igpu,igpu_attention_layer_25,0.003,291,25,attention_qkv_proj,True,20.00,
1763318073.7164803,igpu,cpu_router,0.007,292,25,router_logits,True,20.00,
1763318073.7176788,cpu,cpu_router,1.055,293,25,expert_selection,True,10.00,
1763318073.7178216,igpu,igpu_expert_ffn_layer_25,0.006,294,25,expert_ffn,True,20.00,
1763318073.717984,igpu,igpu_attention_layer_26,0.005,295,26,attention_layernorm,True,20.00,
1763318073.7181299,igpu,igpu_attention_layer_26,0.004,296,26,attention_qkv_proj,True,20.00,
1763318073.7182522,igpu,cpu_router,0.004,297,26,router_logits,True,20.00,
1763318073.719447,cpu,cpu_router,1.054,298,26,expert_selection,True,10.00,
1763318073.7196007,igpu,igpu_expert_ffn_layer_26,0.006,299,26,expert_ffn,True,20.00,
1763318073.71975,igpu,igpu_attention_layer_27,0.005,300,27,attention_layernorm,True,20.00,
1763318073.719887,igpu,igpu_attention_layer_27,0.004,301,27,attention_qkv_proj,True,20.00,
1763318073.7200038,igpu,cpu_router,0.004,302,27,router_logits,True,20.00,
1763318073.72124,cpu,cpu_router,1.054,303,27,expert_selection,True,10.00,
1763318073.721404,igpu,igpu_expert_ffn_layer_27,0.006,304,27,expert_ffn,True,20.00,
1763318073.7215507,igpu,igpu_attention_layer_28,0.004,305,28,attention_layernorm,True,20.00,
1763318073.7217023,igpu,igpu_attention_layer_28,0.005,306,28,attention_qkv_proj,True,20.00,
1763318073.72182,igpu,cpu_router,0.003,307,28,router_logits,True,20.00,
1763318073.7230077,cpu,cpu_router,1.054,308,28,expert_selection,True,10.00,
1763318073.7231574,igpu,igpu_expert_ffn_layer_28,0.005,309,28,expert_ffn,True,20.00,
1763318073.723305,igpu,igpu_attention_layer_29,0.004,310,29,attention_layernorm,True,20.00,
1763318073.7234411,igpu,igpu_attention_layer_29,0.004,311,29,attention_qkv_proj,True,20.00,
1763318073.723556,igpu,cpu_router,0.003,312,29,router_logits,True,20.00,
1763318073.7247322,cpu,cpu_router,1.054,313,29,expert_selection,True,10.00,
1763318073.7248528,igpu,igpu_expert_ffn_layer_29,0.004,314,29,expert_ffn,True,20.00,
1763318073.7249887,igpu,igpu_attention_layer_30,0.004,315,30,attention_layernorm,True,20.00,
1763318073.725128,igpu,igpu_attention_layer_30,0.004,316,30,attention_qkv_proj,True,20.00,
1763318073.7252421,igpu,cpu_router,0.003,317,30,router_logits,True,20.00,
1763318073.7264128,cpu,cpu_router,1.054,318,30,expert_selection,True,10.00,
1763318073.7265394,igpu,igpu_expert_ffn_layer_30,0.004,319,30,expert_ffn,True,20.00,
1763318073.7266922,igpu,igpu_attention_layer_31,0.004,320,31,attention_layernorm,True,20.00,
1763318073.726885,igpu,igpu_attention_layer_31,0.003,321,31,attention_qkv_proj,True,20.00,
1763318073.7270339,igpu,cpu_router,0.001,322,31,router_logits,True,20.00,
1763318073.72822,cpu,cpu_router,1.054,323,31,expert_selection,True,10.00,
1763318073.7283823,igpu,igpu_expert_ffn_layer_31,0.009,324,31,expert_ffn,True,20.00,
1763318073.7295935,cpu,cpu_layernorm_layer_32,1.054,325,32,final_layernorm,True,10.00,
1763318073.7307734,cpu,cpu_lm_head,1.053,326,33,lm_head,True,10.00,
1763318073.9334407,cpu,cpu_embedding,1.057,327,-1,embedding,True,10.00,
1763318073.9338171,igpu,igpu_attention_layer_0,0.031,328,0,attention_layernorm,True,20.00,
1763318073.9340146,igpu,igpu_attention_layer_0,0.004,329,0,attention_qkv_proj,True,20.00,
1763318073.934154,igpu,cpu_router,0.002,330,0,router_logits,True,20.00,
1763318073.9353817,cpu,cpu_router,1.057,331,0,expert_selection,True,10.00,
1763318073.9355514,igpu,igpu_expert_ffn_layer_0,0.010,332,0,expert_ffn,True,20.00,
1763318073.9357052,igpu,igpu_attention_layer_1,0.003,333,1,attention_layernorm,True,20.00,
1763318073.9358373,igpu,igpu_attention_layer_1,0.002,334,1,attention_qkv_proj,True,20.00,
1763318073.9359508,igpu,cpu_router,0.002,335,1,router_logits,True,20.00,
1763318073.9370685,cpu,cpu_router,1.012,336,1,expert_selection,True,10.00,
1763318073.9372435,igpu,igpu_expert_ffn_layer_1,0.013,337,1,expert_ffn,True,20.00,
1763318073.9374175,igpu,igpu_attention_layer_2,0.008,338,2,attention_layernorm,True,20.00,
1763318073.9375596,igpu,igpu_attention_layer_2,0.004,339,2,attention_qkv_proj,True,20.00,
1763318073.937669,igpu,cpu_router,0.003,340,2,router_logits,True,20.00,
1763318073.9388516,cpu,cpu_router,1.056,341,2,expert_selection,True,10.00,
1763318073.9392369,igpu,igpu_expert_ffn_layer_2,0.007,342,2,expert_ffn,True,20.00,
1763318073.9395564,igpu,igpu_attention_layer_3,0.007,343,3,attention_layernorm,True,20.00,
1763318073.9397478,igpu,igpu_attention_layer_3,0.008,344,3,attention_qkv_proj,True,20.00,
1763318073.939882,igpu,cpu_router,0.004,345,3,router_logits,True,20.00,
1763318073.9410818,cpu,cpu_router,1.056,346,3,expert_selection,True,10.00,
1763318073.9412565,igpu,igpu_expert_ffn_layer_3,0.007,347,3,expert_ffn,True,20.00,
1763318073.9414442,igpu,igpu_attention_layer_4,0.009,348,4,attention_layernorm,True,20.00,
1763318073.941585,igpu,igpu_attention_layer_4,0.005,349,4,attention_qkv_proj,True,20.00,
1763318073.9416952,igpu,cpu_router,0.004,350,4,router_logits,True,20.00,
1763318073.942865,cpu,cpu_router,1.056,351,4,expert_selection,True,10.00,
1763318073.9430015,igpu,igpu_expert_ffn_layer_4,0.007,352,4,expert_ffn,True,20.00,
1763318073.9432602,igpu,igpu_attention_layer_5,0.008,353,5,attention_layernorm,True,20.00,
1763318073.9435663,igpu,igpu_attention_layer_5,0.004,354,5,attention_qkv_proj,True,20.00,
1763318073.943799,igpu,cpu_router,0.003,355,5,router_logits,True,20.00,
1763318073.9450228,cpu,cpu_router,1.059,356,5,expert_selection,True,10.00,
1763318073.945229,igpu,igpu_expert_ffn_layer_5,0.008,357,5,expert_ffn,True,20.00,
1763318073.9453738,igpu,igpu_attention_layer_6,0.004,358,6,attention_layernorm,True,20.00,
1763318073.9455137,igpu,igpu_attention_layer_6,0.006,359,6,attention_qkv_proj,True,20.00,
1763318073.9456306,igpu,cpu_router,0.004,360,6,router_logits,True,20.00,
1763318073.946808,cpu,cpu_router,1.057,361,6,expert_selection,True,10.00,
1763318073.9469466,igpu,igpu_expert_ffn_layer_6,0.006,362,6,expert_ffn,True,20.00,
1763318073.9470785,igpu,igpu_attention_layer_7,0.003,363,7,attention_layernorm,True,20.00,
1763318073.9471915,igpu,igpu_attention_layer_7,0.003,364,7,attention_qkv_proj,True,20.00,
1763318073.9472911,igpu,cpu_router,0.003,365,7,router_logits,True,20.00,
1763318073.948451,cpu,cpu_router,1.055,366,7,expert_selection,True,10.00,
1763318073.948561,igpu,igpu_expert_ffn_layer_7,0.003,367,7,expert_ffn,True,20.00,
1763318073.9487073,igpu,igpu_attention_layer_8,0.010,368,8,attention_layernorm,True,20.00,
1763318073.9488513,igpu,igpu_attention_layer_8,0.010,369,8,attention_qkv_proj,True,20.00,
1763318073.9489646,igpu,cpu_router,0.004,370,8,router_logits,True,20.00,
1763318073.9501307,cpu,cpu_router,1.056,371,8,expert_selection,True,10.00,
1763318073.950246,igpu,igpu_expert_ffn_layer_8,0.004,372,8,expert_ffn,True,20.00,
1763318073.9503665,igpu,igpu_attention_layer_9,0.004,373,9,attention_layernorm,True,20.00,
1763318073.9504828,igpu,igpu_attention_layer_9,0.003,374,9,attention_qkv_proj,True,20.00,
1763318073.9505851,igpu,cpu_router,0.003,375,9,router_logits,True,20.00,
1763318073.9517767,cpu,cpu_router,1.056,376,9,expert_selection,True,10.00,
1763318073.9519458,igpu,igpu_expert_ffn_layer_9,0.006,377,9,expert_ffn,True,20.00,
1763318073.9521246,igpu,igpu_attention_layer_10,0.005,378,10,attention_layernorm,True,20.00,
1763318073.95226,igpu,igpu_attention_layer_10,0.003,379,10,attention_qkv_proj,True,20.00,
1763318073.9523516,igpu,cpu_router,0.003,380,10,router_logits,True,20.00,
1763318073.9534924,cpu,cpu_router,1.055,381,10,expert_selection,True,10.00,
1763318073.9536023,igpu,igpu_expert_ffn_layer_10,0.003,382,10,expert_ffn,True,20.00,
1763318073.9537141,igpu,igpu_attention_layer_11,0.003,383,11,attention_layernorm,True,20.00,
1763318073.9538128,igpu,igpu_attention_layer_11,0.003,384,11,attention_qkv_proj,True,20.00,
1763318073.9538984,igpu,cpu_router,0.003,385,11,router_logits,True,20.00,
1763318073.9550662,cpu,cpu_router,1.056,386,11,expert_selection,True,10.00,
1763318073.9552019,igpu,igpu_expert_ffn_layer_11,0.005,387,11,expert_ffn,True,20.00,
1763318073.955309,igpu,igpu_attention_layer_12,0.003,388,12,attention_layernorm,True,20.00,
1763318073.955405,igpu,igpu_attention_layer_12,0.003,389,12,attention_qkv_proj,True,20.00,
1763318073.9554904,igpu,cpu_router,0.003,390,12,router_logits,True,20.00,
1763318073.9566605,cpu,cpu_router,1.055,391,12,expert_selection,True,10.00,
1763318073.956829,igpu,igpu_expert_ffn_layer_12,0.006,392,12,expert_ffn,True,20.00,
1763318073.9569912,igpu,igpu_attention_layer_13,0.003,393,13,attention_layernorm,True,20.00,
1763318073.957127,igpu,igpu_attention_layer_13,0.003,394,13,attention_qkv_proj,True,20.00,
1763318073.9572787,igpu,cpu_router,0.010,395,13,router_logits,True,20.00,
1763318073.95847,cpu,cpu_router,1.058,396,13,expert_selection,True,10.00,
1763318073.95861,igpu,igpu_expert_ffn_layer_13,0.010,397,13,expert_ffn,True,20.00,
1763318073.9587538,igpu,igpu_attention_layer_14,0.004,398,14,attention_layernorm,True,20.00,
1763318073.958885,igpu,igpu_attention_layer_14,0.003,399,14,attention_qkv_proj,True,20.00,
1763318073.9589958,igpu,cpu_router,0.003,400,14,router_logits,True,20.00,
1763318073.9601731,cpu,cpu_router,1.055,401,14,expert_selection,True,10.00,
1763318073.9603,igpu,igpu_expert_ffn_layer_14,0.004,402,14,expert_ffn,True,20.00,
1763318073.9604225,igpu,igpu_attention_layer_15,0.003,403,15,attention_layernorm,True,20.00,
1763318073.960538,igpu,igpu_attention_layer_15,0.003,404,15,attention_qkv_proj,True,20.00,
1763318073.9606378,igpu,cpu_router,0.003,405,15,router_logits,True,20.00,
1763318073.9617906,cpu,cpu_router,1.055,406,15,expert_selection,True,10.00,
1763318073.961893,igpu,igpu_expert_ffn_layer_15,0.003,407,15,expert_ffn,True,20.00,
1763318073.96202,igpu,igpu_attention_layer_16,0.003,408,16,attention_layernorm,True,20.00,
1763318073.9621463,igpu,igpu_attention_layer_16,0.003,409,16,attention_qkv_proj,True,20.00,
1763318073.962256,igpu,cpu_router,0.003,410,16,router_logits,True,20.00,
1763318073.9634347,cpu,cpu_router,1.055,411,16,expert_selection,True,10.00,
1763318073.9635792,igpu,igpu_expert_ffn_layer_16,0.006,412,16,expert_ffn,True,20.00,
1763318073.963707,igpu,igpu_attention_layer_17,0.003,413,17,attention_layernorm,True,20.00,
1763318073.9638264,igpu,igpu_attention_layer_17,0.003,414,17,attention_qkv_proj,True,20.00,
1763318073.9639237,igpu,cpu_router,0.003,415,17,router_logits,True,20.00,
1763318073.9650955,cpu,cpu_router,1.044,416,17,expert_selection,True,10.00,
1763318073.9652414,igpu,igpu_expert_ffn_layer_17,0.006,417,17,expert_ffn,True,20.00,
1763318073.9653738,igpu,igpu_attention_layer_18,0.003,418,18,attention_layernorm,True,20.00,
1763318073.9654992,igpu,igpu_attention_layer_18,0.003,419,18,attention_qkv_proj,True,20.00,
1763318073.965605,igpu,cpu_router,0.003,420,18,router_logits,True,20.00,
1763318073.9667618,cpu,cpu_router,1.055,421,18,expert_selection,True,10.00,
1763318073.96687,igpu,igpu_expert_ffn_layer_18,0.003,422,18,expert_ffn,True,20.00,
1763318073.9669855,igpu,igpu_attention_layer_19,0.003,423,19,attention_layernorm,True,20.00,
1763318073.9671082,igpu,igpu_attention_layer_19,0.003,424,19,attention_qkv_proj,True,20.00,
1763318073.967213,igpu,cpu_router,0.003,425,19,router_logits,True,20.00,
1763318073.9683719,cpu,cpu_router,1.055,426,19,expert_selection,True,10.00,
1763318073.968482,igpu,igpu_expert_ffn_layer_19,0.003,427,19,expert_ffn,True,20.00,
1763318073.9686024,igpu,igpu_attention_layer_20,0.003,428,20,attention_layernorm,True,20.00,
1763318073.9687147,igpu,igpu_attention_layer_20,0.003,429,20,attention_qkv_proj,True,20.00,
1763318073.96884,igpu,cpu_router,0.003,430,20,router_logits,True,20.00,
1763318073.9700222,cpu,cpu_router,1.055,431,20,expert_selection,True,10.00,
1763318073.9701488,igpu,igpu_expert_ffn_layer_20,0.005,432,20,expert_ffn,True,20.00,
1763318073.9702692,igpu,igpu_attention_layer_21,0.003,433,21,attention_layernorm,True,20.00,
1763318073.9703946,igpu,igpu_attention_layer_21,0.003,434,21,attention_qkv_proj,True,20.00,
1763318073.97051,igpu,cpu_router,0.003,435,21,router_logits,True,20.00,
1763318073.9716864,cpu,cpu_router,1.055,436,21,expert_selection,True,10.00,
1763318073.971794,igpu,igpu_expert_ffn_layer_21,0.003,437,21,expert_ffn,True,20.00,
1763318073.9719143,igpu,igpu_attention_layer_22,0.003,438,22,attention_layernorm,True,20.00,
1763318073.9720337,igpu,igpu_attention_layer_22,0.003,439,22,attention_qkv_proj,True,20.00,
1763318073.972146,igpu,cpu_router,0.003,440,22,router_logits,True,20.00,
1763318073.973306,cpu,cpu_router,1.055,441,22,expert_selection,True,10.00,
1763318073.9734056,igpu,igpu_expert_ffn_layer_22,0.003,442,22,expert_ffn,True,20.00,
1763318073.973519,igpu,igpu_attention_layer_23,0.003,443,23,attention_layernorm,True,20.00,
1763318073.9736276,igpu,igpu_attention_layer_23,0.003,444,23,attention_qkv_proj,True,20.00,
1763318073.9737272,igpu,cpu_router,0.003,445,23,router_logits,True,20.00,
1763318073.974924,cpu,cpu_router,1.055,446,23,expert_selection,True,10.00,
1763318073.9751003,igpu,igpu_expert_ffn_layer_23,0.006,447,23,expert_ffn,True,20.00,
1763318073.9752471,igpu,igpu_attention_layer_24,0.003,448,24,attention_layernorm,True,20.00,
1763318073.9753673,igpu,igpu_attention_layer_24,0.003,449,24,attention_qkv_proj,True,20.00,
1763318073.975466,igpu,cpu_router,0.003,450,24,router_logits,True,20.00,
1763318073.9766252,cpu,cpu_router,1.055,451,24,expert_selection,True,10.00,
1763318073.976736,igpu,igpu_expert_ffn_layer_24,0.004,452,24,expert_ffn,True,20.00,
1763318073.9768462,igpu,igpu_attention_layer_25,0.003,453,25,attention_layernorm,True,20.00,
1763318073.9769537,igpu,igpu_attention_layer_25,0.003,454,25,attention_qkv_proj,True,20.00,
1763318073.9770548,igpu,cpu_router,0.003,455,25,router_logits,True,20.00,
1763318073.9782133,cpu,cpu_router,1.055,456,25,expert_selection,True,10.00,
1763318073.9783165,igpu,igpu_expert_ffn_layer_25,0.003,457,25,expert_ffn,True,20.00,
1763318073.978428,igpu,igpu_attention_layer_26,0.003,458,26,attention_layernorm,True,20.00,
1763318073.9785328,igpu,igpu_attention_layer_26,0.003,459,26,attention_qkv_proj,True,20.00,
1763318073.9786282,igpu,cpu_router,0.003,460,26,router_logits,True,20.00,
1763318073.9797766,cpu,cpu_router,1.055,461,26,expert_selection,True,10.00,
1763318073.9798765,igpu,igpu_expert_ffn_layer_26,0.003,462,26,expert_ffn,True,20.00,
1763318073.979983,igpu,igpu_attention_layer_27,0.003,463,27,attention_layernorm,True,20.00,
1763318073.9800951,igpu,igpu_attention_layer_27,0.003,464,27,attention_qkv_proj,True,20.00,
1763318073.9802017,igpu,cpu_router,0.003,465,27,router_logits,True,20.00,
1763318073.9813797,cpu,cpu_router,1.057,466,27,expert_selection,True,10.00,
1763318073.9815118,igpu,igpu_expert_ffn_layer_27,0.004,467,27,expert_ffn,True,20.00,
1763318073.9816332,igpu,igpu_attention_layer_28,0.003,468,28,attention_layernorm,True,20.00,
1763318073.981745,igpu,igpu_attention_layer_28,0.003,469,28,attention_qkv_proj,True,20.00,
1763318073.9818418,igpu,cpu_router,0.003,470,28,router_logits,True,20.00,
1763318073.9830036,cpu,cpu_router,1.055,471,28,expert_selection,True,10.00,
1763318073.983117,igpu,igpu_expert_ffn_layer_28,0.004,472,28,expert_ffn,True,20.00,
1763318073.9832327,igpu,igpu_attention_layer_29,0.003,473,29,attention_layernorm,True,20.00,
1763318073.9833388,igpu,igpu_attention_layer_29,0.003,474,29,attention_qkv_proj,True,20.00,
1763318073.9834309,igpu,cpu_router,0.003,475,29,router_logits,True,20.00,
1763318073.9845812,cpu,cpu_router,1.055,476,29,expert_selection,True,10.00,
1763318073.9846838,igpu,igpu_expert_ffn_layer_29,0.003,477,29,expert_ffn,True,20.00,
1763318073.9847918,igpu,igpu_attention_layer_30,0.003,478,30,attention_layernorm,True,20.00,
1763318073.984898,igpu,igpu_attention_layer_30,0.003,479,30,attention_qkv_proj,True,20.00,
1763318073.9849935,igpu,cpu_router,0.003,480,30,router_logits,True,20.00,
1763318073.9861922,cpu,cpu_router,1.066,481,30,expert_selection,True,10.00,
1763318073.9868195,igpu,igpu_expert_ffn_layer_30,0.003,482,30,expert_ffn,True,20.00,
1763318073.9874709,igpu,igpu_attention_layer_31,0.004,483,31,attention_layernorm,True,20.00,
1763318073.9881885,igpu,igpu_attention_layer_31,0.003,484,31,attention_qkv_proj,True,20.00,
1763318073.988803,igpu,cpu_router,0.003,485,31,router_logits,True,20.00,
1763318073.990498,cpu,cpu_router,1.055,486,31,expert_selection,True,10.00,
1763318073.9910636,igpu,igpu_expert_ffn_layer_31,0.005,487,31,expert_ffn,True,20.00,
1763318073.9926617,cpu,cpu_layernorm_layer_32,1.057,488,32,final_layernorm,True,10.00,
1763318073.9943113,cpu,cpu_lm_head,1.032,489,33,lm_head,True,10.00,
1763318074.2980835,cpu,cpu_embedding,1.061,490,-1,embedding,True,10.00,
1763318074.2990782,igpu,igpu_attention_layer_0,0.032,491,0,attention_layernorm,True,20.00,
1763318074.2998424,igpu,igpu_attention_layer_0,0.002,492,0,attention_qkv_proj,True,20.00,
1763318074.3006997,igpu,cpu_router,0.002,493,0,router_logits,True,20.00,
1763318074.302502,cpu,cpu_router,1.027,494,0,expert_selection,True,10.00,
1763318074.3028688,igpu,igpu_expert_ffn_layer_0,0.016,495,0,expert_ffn,True,20.00,
1763318074.303127,igpu,igpu_attention_layer_1,0.005,496,1,attention_layernorm,True,20.00,
1763318074.3033113,igpu,igpu_attention_layer_1,0.004,497,1,attention_qkv_proj,True,20.00,
1763318074.30346,igpu,cpu_router,0.004,498,1,router_logits,True,20.00,
1763318074.3046577,cpu,cpu_router,1.056,499,1,expert_selection,True,10.00,
1763318074.3048043,igpu,igpu_expert_ffn_layer_1,0.004,500,1,expert_ffn,True,20.00,
1763318074.3049705,igpu,igpu_attention_layer_2,0.004,501,2,attention_layernorm,True,20.00,
1763318074.3051534,igpu,igpu_attention_layer_2,0.003,502,2,attention_qkv_proj,True,20.00,
1763318074.3052926,igpu,cpu_router,0.004,503,2,router_logits,True,20.00,
1763318074.306476,cpu,cpu_router,1.055,504,2,expert_selection,True,10.00,
1763318074.3066092,igpu,igpu_expert_ffn_layer_2,0.004,505,2,expert_ffn,True,20.00,
1763318074.3068254,igpu,igpu_attention_layer_3,0.010,506,3,attention_layernorm,True,20.00,
1763318074.3069797,igpu,igpu_attention_layer_3,0.005,507,3,attention_qkv_proj,True,20.00,
1763318074.3071084,igpu,cpu_router,0.004,508,3,router_logits,True,20.00,
1763318074.3083215,cpu,cpu_router,1.056,509,3,expert_selection,True,10.00,
1763318074.3085592,igpu,igpu_expert_ffn_layer_3,0.006,510,3,expert_ffn,True,20.00,
1763318074.30881,igpu,igpu_attention_layer_4,0.009,511,4,attention_layernorm,True,20.00,
1763318074.3092074,igpu,igpu_attention_layer_4,0.006,512,4,attention_qkv_proj,True,20.00,
1763318074.3095555,igpu,cpu_router,0.004,513,4,router_logits,True,20.00,
1763318074.3109176,cpu,cpu_router,1.057,514,4,expert_selection,True,10.00,
1763318074.3112292,igpu,igpu_expert_ffn_layer_4,0.004,515,4,expert_ffn,True,20.00,
1763318074.311639,igpu,igpu_attention_layer_5,0.006,516,5,attention_layernorm,True,20.00,
1763318074.3117807,igpu,igpu_attention_layer_5,0.003,517,5,attention_qkv_proj,True,20.00,
1763318074.3119001,igpu,cpu_router,0.003,518,5,router_logits,True,20.00,
1763318074.313106,cpu,cpu_router,1.055,519,5,expert_selection,True,10.00,
1763318074.3132682,igpu,igpu_expert_ffn_layer_5,0.008,520,5,expert_ffn,True,20.00,
1763318074.3134124,igpu,igpu_attention_layer_6,0.003,521,6,attention_layernorm,True,20.00,
1763318074.3135703,igpu,igpu_attention_layer_6,0.010,522,6,attention_qkv_proj,True,20.00,
1763318074.313685,igpu,cpu_router,0.002,523,6,router_logits,True,20.00,
1763318074.3148642,cpu,cpu_router,1.056,524,6,expert_selection,True,10.00,
1763318074.3149924,igpu,igpu_expert_ffn_layer_6,0.007,525,6,expert_ffn,True,20.00,
1763318074.3151553,igpu,igpu_attention_layer_7,0.003,526,7,attention_layernorm,True,20.00,
1763318074.3153462,igpu,igpu_attention_layer_7,0.002,527,7,attention_qkv_proj,True,20.00,
1763318074.3154857,igpu,cpu_router,0.003,528,7,router_logits,True,20.00,
1763318074.3166697,cpu,cpu_router,1.054,529,7,expert_selection,True,10.00,
1763318074.316797,igpu,igpu_expert_ffn_layer_7,0.003,530,7,expert_ffn,True,20.00,
1763318074.31696,igpu,igpu_attention_layer_8,0.005,531,8,attention_layernorm,True,20.00,
1763318074.317094,igpu,igpu_attention_layer_8,0.002,532,8,attention_qkv_proj,True,20.00,
1763318074.31721,igpu,cpu_router,0.003,533,8,router_logits,True,20.00,
1763318074.3183768,cpu,cpu_router,1.055,534,8,expert_selection,True,10.00,
1763318074.3184996,igpu,igpu_expert_ffn_layer_8,0.004,535,8,expert_ffn,True,20.00,
1763318074.318628,igpu,igpu_attention_layer_9,0.002,536,9,attention_layernorm,True,20.00,
1763318074.3187435,igpu,igpu_attention_layer_9,0.001,537,9,attention_qkv_proj,True,20.00,
1763318074.3188505,igpu,cpu_router,0.001,538,9,router_logits,True,20.00,
1763318074.3199985,cpu,cpu_router,1.025,539,9,expert_selection,True,10.00,
1763318074.3201303,igpu,igpu_expert_ffn_layer_9,0.007,540,9,expert_ffn,True,20.00,
1763318074.320256,igpu,igpu_attention_layer_10,0.002,541,10,attention_layernorm,True,20.00,
1763318074.320387,igpu,igpu_attention_layer_10,0.005,542,10,attention_qkv_proj,True,20.00,
1763318074.3204925,igpu,cpu_router,0.002,543,10,router_logits,True,20.00,
1763318074.3216858,cpu,cpu_router,1.056,544,10,expert_selection,True,10.00,
1763318074.3218322,igpu,igpu_expert_ffn_layer_10,0.007,545,10,expert_ffn,True,20.00,
1763318074.321973,igpu,igpu_attention_layer_11,0.001,546,11,attention_layernorm,True,20.00,
1763318074.3221126,igpu,igpu_attention_layer_11,0.002,547,11,attention_qkv_proj,True,20.00,
1763318074.3222175,igpu,cpu_router,0.001,548,11,router_logits,True,20.00,
1763318074.3233783,cpu,cpu_router,1.053,549,11,expert_selection,True,10.00,
1763318074.3234904,igpu,igpu_expert_ffn_layer_11,0.002,550,11,expert_ffn,True,20.00,
1763318074.323613,igpu,igpu_attention_layer_12,0.001,551,12,attention_layernorm,True,20.00,
1763318074.3237336,igpu,igpu_attention_layer_12,0.001,552,12,attention_qkv_proj,True,20.00,
1763318074.3238351,igpu,cpu_router,0.001,553,12,router_logits,True,20.00,
1763318074.3249884,cpu,cpu_router,1.053,554,12,expert_selection,True,10.00,
1763318074.3251047,igpu,igpu_expert_ffn_layer_12,0.002,555,12,expert_ffn,True,20.00,
1763318074.3252244,igpu,igpu_attention_layer_13,0.001,556,13,attention_layernorm,True,20.00,
1763318074.3253386,igpu,igpu_attention_layer_13,0.001,557,13,attention_qkv_proj,True,20.00,
1763318074.325438,igpu,cpu_router,0.001,558,13,router_logits,True,20.00,
1763318074.3266008,cpu,cpu_router,1.054,559,13,expert_selection,True,10.00,
1763318074.3267608,igpu,igpu_expert_ffn_layer_13,0.010,560,13,expert_ffn,True,20.00,
1763318074.3269122,igpu,igpu_attention_layer_14,0.003,561,14,attention_layernorm,True,20.00,
1763318074.3270507,igpu,igpu_attention_layer_14,0.003,562,14,attention_qkv_proj,True,20.00,
1763318074.3271713,igpu,cpu_router,0.003,563,14,router_logits,True,20.00,
1763318074.3283505,cpu,cpu_router,1.056,564,14,expert_selection,True,10.00,
1763318074.328484,igpu,igpu_expert_ffn_layer_14,0.004,565,14,expert_ffn,True,20.00,
1763318074.3286216,igpu,igpu_attention_layer_15,0.003,566,15,attention_layernorm,True,20.00,
1763318074.32875,igpu,igpu_attention_layer_15,0.003,567,15,attention_qkv_proj,True,20.00,
1763318074.3288577,igpu,cpu_router,0.003,568,15,router_logits,True,20.00,
1763318074.3300195,cpu,cpu_router,1.055,569,15,expert_selection,True,10.00,
1763318074.3301456,igpu,igpu_expert_ffn_layer_15,0.003,570,15,expert_ffn,True,20.00,
1763318074.3302739,igpu,igpu_attention_layer_16,0.003,571,16,attention_layernorm,True,20.00,
1763318074.3303971,igpu,igpu_attention_layer_16,0.003,572,16,attention_qkv_proj,True,20.00,
1763318074.3305056,igpu,cpu_router,0.003,573,16,router_logits,True,20.00,
1763318074.3316696,cpu,cpu_router,1.055,574,16,expert_selection,True,10.00,
1763318074.3317845,igpu,igpu_expert_ffn_layer_16,0.003,575,16,expert_ffn,True,20.00,
1763318074.3319104,igpu,igpu_attention_layer_17,0.003,576,17,attention_layernorm,True,20.00,
1763318074.3320365,igpu,igpu_attention_layer_17,0.003,577,17,attention_qkv_proj,True,20.00,
1763318074.3321493,igpu,cpu_router,0.003,578,17,router_logits,True,20.00,
1763318074.333345,cpu,cpu_router,1.056,579,17,expert_selection,True,10.00,
1763318074.333487,igpu,igpu_expert_ffn_layer_17,0.008,580,17,expert_ffn,True,20.00,
1763318074.3336294,igpu,igpu_attention_layer_18,0.004,581,18,attention_layernorm,True,20.00,
1763318074.3337624,igpu,igpu_attention_layer_18,0.003,582,18,attention_qkv_proj,True,20.00,
1763318074.3338695,igpu,cpu_router,0.003,583,18,router_logits,True,20.00,
1763318074.335037,cpu,cpu_router,1.055,584,18,expert_selection,True,10.00,
1763318074.3351567,igpu,igpu_expert_ffn_layer_18,0.004,585,18,expert_ffn,True,20.00,
1763318074.3352852,igpu,igpu_attention_layer_19,0.003,586,19,attention_layernorm,True,20.00,
1763318074.3354168,igpu,igpu_attention_layer_19,0.003,587,19,attention_qkv_proj,True,20.00,
1763318074.335533,igpu,cpu_router,0.003,588,19,router_logits,True,20.00,
1763318074.3366923,cpu,cpu_router,1.055,589,19,expert_selection,True,10.00,
1763318074.3368082,igpu,igpu_expert_ffn_layer_19,0.003,590,19,expert_ffn,True,20.00,
1763318074.3369393,igpu,igpu_attention_layer_20,0.004,591,20,attention_layernorm,True,20.00,
1763318074.3370707,igpu,igpu_attention_layer_20,0.003,592,20,attention_qkv_proj,True,20.00,
1763318074.337183,igpu,cpu_router,0.003,593,20,router_logits,True,20.00,
1763318074.3383489,cpu,cpu_router,1.055,594,20,expert_selection,True,10.00,
1763318074.338466,igpu,igpu_expert_ffn_layer_20,0.005,595,20,expert_ffn,True,20.00,
1763318074.3385975,igpu,igpu_attention_layer_21,0.004,596,21,attention_layernorm,True,20.00,
1763318074.3387272,igpu,igpu_attention_layer_21,0.003,597,21,attention_qkv_proj,True,20.00,
1763318074.3388367,igpu,cpu_router,0.003,598,21,router_logits,True,20.00,
1763318074.34005,cpu,cpu_router,1.056,599,21,expert_selection,True,10.00,
1763318074.3402297,igpu,igpu_expert_ffn_layer_21,0.007,600,21,expert_ffn,True,20.00,
1763318074.3403778,igpu,igpu_attention_layer_22,0.003,601,22,attention_layernorm,True,20.00,
1763318074.3405097,igpu,igpu_attention_layer_22,0.003,602,22,attention_qkv_proj,True,20.00,
1763318074.3406231,igpu,cpu_router,0.003,603,22,router_logits,True,20.00,
1763318074.34179,cpu,cpu_router,1.055,604,22,expert_selection,True,10.00,
1763318074.341909,igpu,igpu_expert_ffn_layer_22,0.003,605,22,expert_ffn,True,20.00,
1763318074.3420465,igpu,igpu_attention_layer_23,0.003,606,23,attention_layernorm,True,20.00,
1763318074.3421793,igpu,igpu_attention_layer_23,0.003,607,23,attention_qkv_proj,True,20.00,
1763318074.3422897,igpu,cpu_router,0.003,608,23,router_logits,True,20.00,
1763318074.3434517,cpu,cpu_router,1.055,609,23,expert_selection,True,10.00,
1763318074.343567,igpu,igpu_expert_ffn_layer_23,0.003,610,23,expert_ffn,True,20.00,
1763318074.3436933,igpu,igpu_attention_layer_24,0.003,611,24,attention_layernorm,True,20.00,
1763318074.3438618,igpu,igpu_attention_layer_24,0.011,612,24,attention_qkv_proj,True,20.00,
1763318074.343974,igpu,cpu_router,0.002,613,24,router_logits,True,20.00,
1763318074.3451705,cpu,cpu_router,1.056,614,24,expert_selection,True,10.00,
1763318074.345354,igpu,igpu_expert_ffn_layer_24,0.006,615,24,expert_ffn,True,20.00,
1763318074.3454974,igpu,igpu_attention_layer_25,0.002,616,25,attention_layernorm,True,20.00,
1763318074.3456137,igpu,igpu_attention_layer_25,0.002,617,25,attention_qkv_proj,True,20.00,
1763318074.3457122,igpu,cpu_router,0.002,618,25,router_logits,True,20.00,
1763318074.3468633,cpu,cpu_router,1.054,619,25,expert_selection,True,10.00,
1763318074.3469646,igpu,igpu_expert_ffn_layer_25,0.002,620,25,expert_ffn,True,20.00,
1763318074.3470826,igpu,igpu_attention_layer_26,0.002,621,26,attention_layernorm,True,20.00,
1763318074.3471897,igpu,igpu_attention_layer_26,0.002,622,26,attention_qkv_proj,True,20.00,
1763318074.3472805,igpu,cpu_router,0.002,623,26,router_logits,True,20.00,
1763318074.348472,cpu,cpu_router,1.055,624,26,expert_selection,True,10.00,
1763318074.3485816,igpu,igpu_expert_ffn_layer_26,0.007,625,26,expert_ffn,True,20.00,
1763318074.3486872,igpu,igpu_attention_layer_27,0.001,626,27,attention_layernorm,True,20.00,
1763318074.3487873,igpu,igpu_attention_layer_27,0.001,627,27,attention_qkv_proj,True,20.00,
1763318074.3488774,igpu,cpu_router,0.001,628,27,router_logits,True,20.00,
1763318074.3500223,cpu,cpu_router,1.054,629,27,expert_selection,True,10.00,
1763318074.35013,igpu,igpu_expert_ffn_layer_27,0.002,630,27,expert_ffn,True,20.00,
1763318074.3502376,igpu,igpu_attention_layer_28,0.002,631,28,attention_layernorm,True,20.00,
1763318074.3503397,igpu,igpu_attention_layer_28,0.002,632,28,attention_qkv_proj,True,20.00,
1763318074.3504283,igpu,cpu_router,0.002,633,28,router_logits,True,20.00,
1763318074.3516014,cpu,cpu_router,1.055,634,28,expert_selection,True,10.00,
1763318074.3517528,igpu,igpu_expert_ffn_layer_28,0.005,635,28,expert_ffn,True,20.00,
1763318074.3518798,igpu,igpu_attention_layer_29,0.002,636,29,attention_layernorm,True,20.00,
1763318074.3519926,igpu,igpu_attention_layer_29,0.002,637,29,attention_qkv_proj,True,20.00,
1763318074.352096,igpu,cpu_router,0.002,638,29,router_logits,True,20.00,
1763318074.3532434,cpu,cpu_router,1.054,639,29,expert_selection,True,10.00,
1763318074.353341,igpu,igpu_expert_ffn_layer_29,0.002,640,29,expert_ffn,True,20.00,
1763318074.3534443,igpu,igpu_attention_layer_30,0.002,641,30,attention_layernorm,True,20.00,
1763318074.3535464,igpu,igpu_attention_layer_30,0.002,642,30,attention_qkv_proj,True,20.00,
1763318074.3536353,igpu,cpu_router,0.002,643,30,router_logits,True,20.00,
1763318074.35478,cpu,cpu_router,1.053,644,30,expert_selection,True,10.00,
1763318074.354877,igpu,igpu_expert_ffn_layer_30,0.002,645,30,expert_ffn,True,20.00,
1763318074.35498,igpu,igpu_attention_layer_31,0.001,646,31,attention_layernorm,True,20.00,
1763318074.3550897,igpu,igpu_attention_layer_31,0.002,647,31,attention_qkv_proj,True,20.00,
1763318074.35518,igpu,cpu_router,0.002,648,31,router_logits,True,20.00,
1763318074.3563223,cpu,cpu_router,1.053,649,31,expert_selection,True,10.00,
1763318074.356418,igpu,igpu_expert_ffn_layer_31,0.002,650,31,expert_ffn,True,20.00,
1763318074.35762,cpu,cpu_layernorm_layer_32,1.056,651,32,final_layernorm,True,10.00,
1763318074.3588085,cpu,cpu_lm_head,1.054,652,33,lm_head,True,10.00,
1763318074.5928016,cpu,cpu_embedding,1.056,653,-1,embedding,True,10.00,
1763318074.593171,igpu,igpu_attention_layer_0,0.027,654,0,attention_layernorm,True,20.00,
1763318074.593432,igpu,igpu_attention_layer_0,0.009,655,0,attention_qkv_proj,True,20.00,
1763318074.5936317,igpu,cpu_router,0.006,656,0,router_logits,True,20.00,
1763318074.5948334,cpu,cpu_router,1.056,657,0,expert_selection,True,10.00,
1763318074.5952399,igpu,igpu_expert_ffn_layer_0,0.005,658,0,expert_ffn,True,20.00,
1763318074.5957348,igpu,igpu_attention_layer_1,0.003,659,1,attention_layernorm,True,20.00,
1763318074.5959885,igpu,igpu_attention_layer_1,0.001,660,1,attention_qkv_proj,True,20.00,
1763318074.596347,igpu,cpu_router,0.002,661,1,router_logits,True,20.00,
1763318074.5976162,cpu,cpu_router,1.055,662,1,expert_selection,True,10.00,
1763318074.597812,igpu,igpu_expert_ffn_layer_1,0.004,663,1,expert_ffn,True,20.00,
1763318074.5980084,igpu,igpu_attention_layer_2,0.002,664,2,attention_layernorm,True,20.00,
1763318074.5981941,igpu,igpu_attention_layer_2,0.001,665,2,attention_qkv_proj,True,20.00,
1763318074.5983531,igpu,cpu_router,0.001,666,2,router_logits,True,20.00,
1763318074.599616,cpu,cpu_router,1.055,667,2,expert_selection,True,10.00,
1763318074.5997922,igpu,igpu_expert_ffn_layer_2,0.010,668,2,expert_ffn,True,20.00,
1763318074.5999675,igpu,igpu_attention_layer_3,0.002,669,3,attention_layernorm,True,20.00,
1763318074.6001396,igpu,igpu_attention_layer_3,0.002,670,3,attention_qkv_proj,True,20.00,
1763318074.6002877,igpu,cpu_router,0.006,671,3,router_logits,True,20.00,
1763318074.6014857,cpu,cpu_router,1.054,672,3,expert_selection,True,10.00,
1763318074.6016676,igpu,igpu_expert_ffn_layer_3,0.007,673,3,expert_ffn,True,20.00,
1763318074.6018326,igpu,igpu_attention_layer_4,0.003,674,4,attention_layernorm,True,20.00,
1763318074.6019888,igpu,igpu_attention_layer_4,0.002,675,4,attention_qkv_proj,True,20.00,
1763318074.6021228,igpu,cpu_router,0.002,676,4,router_logits,True,20.00,
1763318074.6033175,cpu,cpu_router,1.056,677,4,expert_selection,True,10.00,
1763318074.6034715,igpu,igpu_expert_ffn_layer_4,0.005,678,4,expert_ffn,True,20.00,
1763318074.603617,igpu,igpu_attention_layer_5,0.003,679,5,attention_layernorm,True,20.00,
1763318074.6037583,igpu,igpu_attention_layer_5,0.002,680,5,attention_qkv_proj,True,20.00,
1763318074.6038778,igpu,cpu_router,0.002,681,5,router_logits,True,20.00,
1763318074.6050568,cpu,cpu_router,1.054,682,5,expert_selection,True,10.00,
1763318074.6052046,igpu,igpu_expert_ffn_layer_5,0.003,683,5,expert_ffn,True,20.00,
1763318074.6053767,igpu,igpu_attention_layer_6,0.003,684,6,attention_layernorm,True,20.00,
1763318074.6058304,igpu,igpu_attention_layer_6,0.004,685,6,attention_qkv_proj,True,20.00,
1763318074.6062083,igpu,cpu_router,0.002,686,6,router_logits,True,20.00,
1763318074.6075938,cpu,cpu_router,1.056,687,6,expert_selection,True,10.00,
1763318074.6078398,igpu,igpu_expert_ffn_layer_6,0.008,688,6,expert_ffn,True,20.00,
1763318074.608018,igpu,igpu_attention_layer_7,0.002,689,7,attention_layernorm,True,20.00,
1763318074.6081817,igpu,igpu_attention_layer_7,0.002,690,7,attention_qkv_proj,True,20.00,
1763318074.60831,igpu,cpu_router,0.002,691,7,router_logits,True,20.00,
1763318074.6094892,cpu,cpu_router,1.053,692,7,expert_selection,True,10.00,
1763318074.6096194,igpu,igpu_expert_ffn_layer_7,0.002,693,7,expert_ffn,True,20.00,
1763318074.6097643,igpu,igpu_attention_layer_8,0.001,694,8,attention_layernorm,True,20.00,
1763318074.6099052,igpu,igpu_attention_layer_8,0.001,695,8,attention_qkv_proj,True,20.00,
1763318074.6100311,igpu,cpu_router,0.001,696,8,router_logits,True,20.00,
1763318074.611216,cpu,cpu_router,1.053,697,8,expert_selection,True,10.00,
1763318074.6113636,igpu,igpu_expert_ffn_layer_8,0.002,698,8,expert_ffn,True,20.00,
1763318074.6115172,igpu,igpu_attention_layer_9,0.002,699,9,attention_layernorm,True,20.00,
1763318074.6116939,igpu,igpu_attention_layer_9,0.003,700,9,attention_qkv_proj,True,20.00,
1763318074.6118286,igpu,cpu_router,0.001,701,9,router_logits,True,20.00,
1763318074.6130428,cpu,cpu_router,1.057,702,9,expert_selection,True,10.00,
1763318074.6132102,igpu,igpu_expert_ffn_layer_9,0.008,703,9,expert_ffn,True,20.00,
1763318074.6133673,igpu,igpu_attention_layer_10,0.002,704,10,attention_layernorm,True,20.00,
1763318074.6135113,igpu,igpu_attention_layer_10,0.001,705,10,attention_qkv_proj,True,20.00,
1763318074.6136355,igpu,cpu_router,0.001,706,10,router_logits,True,20.00,
1763318074.6148117,cpu,cpu_router,1.053,707,10,expert_selection,True,10.00,
1763318074.614947,igpu,igpu_expert_ffn_layer_10,0.002,708,10,expert_ffn,True,20.00,
1763318074.615101,igpu,igpu_attention_layer_11,0.001,709,11,attention_layernorm,True,20.00,
1763318074.615247,igpu,igpu_attention_layer_11,0.001,710,11,attention_qkv_proj,True,20.00,
1763318074.6153703,igpu,cpu_router,0.001,711,11,router_logits,True,20.00,
1763318074.6165519,cpu,cpu_router,1.053,712,11,expert_selection,True,10.00,
1763318074.616688,igpu,igpu_expert_ffn_layer_11,0.002,713,11,expert_ffn,True,20.00,
1763318074.6168368,igpu,igpu_attention_layer_12,0.001,714,12,attention_layernorm,True,20.00,
1763318074.61698,igpu,igpu_attention_layer_12,0.001,715,12,attention_qkv_proj,True,20.00,
1763318074.617163,igpu,cpu_router,0.002,716,12,router_logits,True,20.00,
1763318074.6183853,cpu,cpu_router,1.054,717,12,expert_selection,True,10.00,
1763318074.6185415,igpu,igpu_expert_ffn_layer_12,0.007,718,12,expert_ffn,True,20.00,
1763318074.6187966,igpu,igpu_attention_layer_13,0.008,719,13,attention_layernorm,True,20.00,
1763318074.6189938,igpu,igpu_attention_layer_13,0.003,720,13,attention_qkv_proj,True,20.00,
1763318074.6191227,igpu,cpu_router,0.003,721,13,router_logits,True,20.00,
1763318074.6202838,cpu,cpu_router,1.054,722,13,expert_selection,True,10.00,
1763318074.6203895,igpu,igpu_expert_ffn_layer_13,0.003,723,13,expert_ffn,True,20.00,
1763318074.620511,igpu,igpu_attention_layer_14,0.002,724,14,attention_layernorm,True,20.00,
1763318074.6206276,igpu,igpu_attention_layer_14,0.002,725,14,attention_qkv_proj,True,20.00,
1763318074.6207235,igpu,cpu_router,0.002,726,14,router_logits,True,20.00,
1763318074.6218798,cpu,cpu_router,1.053,727,14,expert_selection,True,10.00,
1763318074.6220028,igpu,igpu_expert_ffn_layer_14,0.003,728,14,expert_ffn,True,20.00,
1763318074.6221373,igpu,igpu_attention_layer_15,0.002,729,15,attention_layernorm,True,20.00,
1763318074.6222503,igpu,igpu_attention_layer_15,0.002,730,15,attention_qkv_proj,True,20.00,
1763318074.6223452,igpu,cpu_router,0.002,731,15,router_logits,True,20.00,
1763318074.623514,cpu,cpu_router,1.056,732,15,expert_selection,True,10.00,
1763318074.6236353,igpu,igpu_expert_ffn_layer_15,0.006,733,15,expert_ffn,True,20.00,
1763318074.6237636,igpu,igpu_attention_layer_16,0.003,734,16,attention_layernorm,True,20.00,
1763318074.6239252,igpu,igpu_attention_layer_16,0.003,735,16,attention_qkv_proj,True,20.00,
1763318074.6240335,igpu,cpu_router,0.002,736,16,router_logits,True,20.00,
1763318074.6252398,cpu,cpu_router,1.057,737,16,expert_selection,True,10.00,
1763318074.6253843,igpu,igpu_expert_ffn_layer_16,0.010,738,16,expert_ffn,True,20.00,
1763318074.625512,igpu,igpu_attention_layer_17,0.003,739,17,attention_layernorm,True,20.00,
1763318074.6256225,igpu,igpu_attention_layer_17,0.003,740,17,attention_qkv_proj,True,20.00,
1763318074.625721,igpu,cpu_router,0.003,741,17,router_logits,True,20.00,
1763318074.6268742,cpu,cpu_router,1.055,742,17,expert_selection,True,10.00,
1763318074.6269805,igpu,igpu_expert_ffn_layer_17,0.003,743,17,expert_ffn,True,20.00,
1763318074.6271136,igpu,igpu_attention_layer_18,0.003,744,18,attention_layernorm,True,20.00,
1763318074.6272328,igpu,igpu_attention_layer_18,0.003,745,18,attention_qkv_proj,True,20.00,
1763318074.6273334,igpu,cpu_router,0.003,746,18,router_logits,True,20.00,
1763318074.6285155,cpu,cpu_router,1.055,747,18,expert_selection,True,10.00,
1763318074.628681,igpu,igpu_expert_ffn_layer_18,0.003,748,18,expert_ffn,True,20.00,
1763318074.6288552,igpu,igpu_attention_layer_19,0.003,749,19,attention_layernorm,True,20.00,
1763318074.6289847,igpu,igpu_attention_layer_19,0.003,750,19,attention_qkv_proj,True,20.00,
1763318074.6291015,igpu,cpu_router,0.003,751,19,router_logits,True,20.00,
1763318074.6302946,cpu,cpu_router,1.057,752,19,expert_selection,True,10.00,
1763318074.6304414,igpu,igpu_expert_ffn_layer_19,0.006,753,19,expert_ffn,True,20.00,
1763318074.6305885,igpu,igpu_attention_layer_20,0.004,754,20,attention_layernorm,True,20.00,
1763318074.630815,igpu,igpu_attention_layer_20,0.004,755,20,attention_qkv_proj,True,20.00,
1763318074.6311033,igpu,cpu_router,0.012,756,20,router_logits,True,20.00,
1763318074.6323824,cpu,cpu_router,1.057,757,20,expert_selection,True,10.00,
1763318074.632562,igpu,igpu_expert_ffn_layer_20,0.007,758,20,expert_ffn,True,20.00,
1763318074.6327472,igpu,igpu_attention_layer_21,0.003,759,21,attention_layernorm,True,20.00,
1763318074.6329126,igpu,igpu_attention_layer_21,0.003,760,21,attention_qkv_proj,True,20.00,
1763318074.633083,igpu,cpu_router,0.003,761,21,router_logits,True,20.00,
1763318074.6343007,cpu,cpu_router,1.054,762,21,expert_selection,True,10.00,
1763318074.634438,igpu,igpu_expert_ffn_layer_21,0.009,763,21,expert_ffn,True,20.00,
1763318074.6345809,igpu,igpu_attention_layer_22,0.001,764,22,attention_layernorm,True,20.00,
1763318074.6347497,igpu,igpu_attention_layer_22,0.007,765,22,attention_qkv_proj,True,20.00,
1763318074.634861,igpu,cpu_router,0.002,766,22,router_logits,True,20.00,
1763318074.6360364,cpu,cpu_router,1.055,767,22,expert_selection,True,10.00,
1763318074.6361835,igpu,igpu_expert_ffn_layer_22,0.003,768,22,expert_ffn,True,20.00,
1763318074.6363301,igpu,igpu_attention_layer_23,0.002,769,23,attention_layernorm,True,20.00,
1763318074.636494,igpu,igpu_attention_layer_23,0.003,770,23,attention_qkv_proj,True,20.00,
1763318074.636597,igpu,cpu_router,0.002,771,23,router_logits,True,20.00,
1763318074.637782,cpu,cpu_router,1.056,772,23,expert_selection,True,10.00,
1763318074.637918,igpu,igpu_expert_ffn_layer_23,0.008,773,23,expert_ffn,True,20.00,
1763318074.638055,igpu,igpu_attention_layer_24,0.003,774,24,attention_layernorm,True,20.00,
1763318074.6381733,igpu,igpu_attention_layer_24,0.002,775,24,attention_qkv_proj,True,20.00,
1763318074.638291,igpu,cpu_router,0.002,776,24,router_logits,True,20.00,
1763318074.639441,cpu,cpu_router,1.054,777,24,expert_selection,True,10.00,
1763318074.639537,igpu,igpu_expert_ffn_layer_24,0.002,778,24,expert_ffn,True,20.00,
1763318074.6396484,igpu,igpu_attention_layer_25,0.002,779,25,attention_layernorm,True,20.00,
1763318074.6397576,igpu,igpu_attention_layer_25,0.002,780,25,attention_qkv_proj,True,20.00,
1763318074.6398497,igpu,cpu_router,0.002,781,25,router_logits,True,20.00,
1763318074.641019,cpu,cpu_router,1.054,782,25,expert_selection,True,10.00,
1763318074.6411374,igpu,igpu_expert_ffn_layer_25,0.007,783,25,expert_ffn,True,20.00,
1763318074.6412623,igpu,igpu_attention_layer_26,0.002,784,26,attention_layernorm,True,20.00,
1763318074.6413727,igpu,igpu_attention_layer_26,0.002,785,26,attention_qkv_proj,True,20.00,
1763318074.6414979,igpu,cpu_router,0.007,786,26,router_logits,True,20.00,
1763318074.6426852,cpu,cpu_router,1.057,787,26,expert_selection,True,10.00,
1763318074.6428435,igpu,igpu_expert_ffn_layer_26,0.006,788,26,expert_ffn,True,20.00,
1763318074.6429899,igpu,igpu_attention_layer_27,0.004,789,27,attention_layernorm,True,20.00,
1763318074.643193,igpu,igpu_attention_layer_27,0.004,790,27,attention_qkv_proj,True,20.00,
1763318074.6433594,igpu,cpu_router,0.003,791,27,router_logits,True,20.00,
1763318074.6445472,cpu,cpu_router,1.056,792,27,expert_selection,True,10.00,
1763318074.6446629,igpu,igpu_expert_ffn_layer_27,0.003,793,27,expert_ffn,True,20.00,
1763318074.644784,igpu,igpu_attention_layer_28,0.003,794,28,attention_layernorm,True,20.00,
1763318074.6448934,igpu,igpu_attention_layer_28,0.003,795,28,attention_qkv_proj,True,20.00,
1763318074.64499,igpu,cpu_router,0.003,796,28,router_logits,True,20.00,
1763318074.646151,cpu,cpu_router,1.055,797,28,expert_selection,True,10.00,
1763318074.6462567,igpu,igpu_expert_ffn_layer_28,0.004,798,28,expert_ffn,True,20.00,
1763318074.6463726,igpu,igpu_attention_layer_29,0.003,799,29,attention_layernorm,True,20.00,
1763318074.6464822,igpu,igpu_attention_layer_29,0.003,800,29,attention_qkv_proj,True,20.00,
1763318074.646579,igpu,cpu_router,0.003,801,29,router_logits,True,20.00,
1763318074.6477523,cpu,cpu_router,1.055,802,29,expert_selection,True,10.00,
1763318074.6479042,igpu,igpu_expert_ffn_layer_29,0.006,803,29,expert_ffn,True,20.00,
1763318074.6480687,igpu,igpu_attention_layer_30,0.003,804,30,attention_layernorm,True,20.00,
1763318074.6482108,igpu,igpu_attention_layer_30,0.004,805,30,attention_qkv_proj,True,20.00,
1763318074.6483154,igpu,cpu_router,0.003,806,30,router_logits,True,20.00,
1763318074.6494935,cpu,cpu_router,1.055,807,30,expert_selection,True,10.00,
1763318074.649624,igpu,igpu_expert_ffn_layer_30,0.005,808,30,expert_ffn,True,20.00,
1763318074.6497426,igpu,igpu_attention_layer_31,0.003,809,31,attention_layernorm,True,20.00,
1763318074.6498497,igpu,igpu_attention_layer_31,0.003,810,31,attention_qkv_proj,True,20.00,
1763318074.649943,igpu,cpu_router,0.003,811,31,router_logits,True,20.00,
1763318074.6510675,cpu,cpu_router,1.028,812,31,expert_selection,True,10.00,
1763318074.6511688,igpu,igpu_expert_ffn_layer_31,0.003,813,31,expert_ffn,True,20.00,
1763318074.6523464,cpu,cpu_layernorm_layer_32,1.055,814,32,final_layernorm,True,10.00,
1763318074.653509,cpu,cpu_lm_head,1.055,815,33,lm_head,True,10.00,
